time,emotion
2026-01-30 09:25:59.695707,Neutral
2026-01-30 09:32:05.247619,Angry
2026-01-30 11:09:01.543996,Neutral
2026-01-30 11:10:20.747680,Neutral
2026-01-30 11:20:54.630373,Angry
2026-01-30 11:23:16.416570,Neutral
2026-01-30 11:23:36.599473,Neutral
2026-01-30 11:23:42.628457,Neutral
2026-01-30 11:23:48.693340,Neutral
2026-01-30 11:23:54.705761,Neutral
2026-01-30 11:24:00.704720,Neutral
2026-01-30 11:24:06.741494,Neutral
2026-01-30 11:24:12.804635,Neutral
2026-01-30 11:24:18.804012,Neutral
2026-01-30 11:24:24.817503,Neutral
2026-01-30 11:24:30.884203,Happy
2026-01-30 11:24:36.898398,Sad
2026-01-30 11:24:42.976197,Neutral
2026-01-30 11:24:48.980583,Neutral
2026-01-30 11:27:59.244872,Neutral
2026-01-30 11:28:05.253684,Neutral
2026-01-30 11:28:11.291416,Neutral
2026-01-30 11:28:17.326640,Neutral
2026-01-30 11:28:23.350851,Neutral
2026-01-30 11:28:29.412608,Neutral
2026-01-30 11:28:35.418002,Happy
2026-01-30 11:28:41.446573,Happy
2026-01-30 11:28:47.448899,Happy
2026-01-30 11:28:53.463529,Neutral
2026-01-30 11:28:59.528108,Neutral
2026-01-30 11:29:05.540869,Neutral
2026-01-30 11:45:29.130652,Neutral
2026-01-30 11:45:35.169475,Neutral
2026-01-30 11:45:41.251919,Neutral
2026-01-30 11:45:47.256585,Happy
2026-01-30 11:45:53.267223,Happy
2026-01-30 11:45:59.297782,Neutral
2026-01-30 11:46:05.304667,Neutral
2026-01-30 11:46:11.402349,Neutral
2026-01-30 11:46:17.422629,Neutral
2026-01-30 11:46:23.438269,Neutral
2026-01-30 11:46:29.579556,Neutral
